"Name","RequiredServices","CanPauseAndContinue","CanShutdown","CanStop","DisplayName","DependentServices","MachineName","ServiceName","ServicesDependedOn","ServiceHandle","Status","ServiceType","StartType","Site","Container"
"AarSvc_cd8b2e","System.ServiceProcess.ServiceController[]","False","False","False","Agent Activation Runtime_cd8b2e","System.ServiceProcess.ServiceController[]",".","AarSvc_cd8b2e","System.ServiceProcess.ServiceController[]","SafeServiceHandle","Stopped","224","Manual",,
"ADPSvc","System.ServiceProcess.ServiceController[]","False","False","False","Aggregated Data Platform Service","System.ServiceProcess.ServiceController[]",".","ADPSvc","System.ServiceProcess.ServiceController[]","SafeServiceHandle","Stopped","Win32ShareProcess","Manual",,
"ALG","System.ServiceProcess.ServiceController[]","False","False","False","Application Layer Gateway Service","System.ServiceProcess.ServiceController[]",".","ALG","System.ServiceProcess.ServiceController[]","SafeServiceHandle","Stopped","Win32OwnProcess","Manual",,
"ApHidMonitorService","System.ServiceProcess.ServiceController[]","False","True","True","Alps HID Monitor Service","System.ServiceProcess.ServiceController[]",".","ApHidMonitorService","System.ServiceProcess.ServiceController[]","SafeServiceHandle","Running","Win32OwnProcess","Automatic",,
"AppHostSvc","System.ServiceProcess.ServiceController[]","True","True","True","Application Host Helper Service","System.ServiceProcess.ServiceController[]",".","AppHostSvc","System.ServiceProcess.ServiceController[]","SafeServiceHandle","Running","Win32OwnProcess, Win32ShareProcess","Automatic",,
"AppIDSvc","System.ServiceProcess.ServiceController[]","False","False","False","Application Identity","System.ServiceProcess.ServiceController[]",".","AppIDSvc","System.ServiceProcess.ServiceController[]","SafeServiceHandle","Stopped","Win32ShareProcess","Manual",,
"Appinfo","System.ServiceProcess.ServiceController[]","False","False","True","Application Information","System.ServiceProcess.ServiceController[]",".","Appinfo","System.ServiceProcess.ServiceController[]","SafeServiceHandle","Running","Win32OwnProcess, Win32ShareProcess","Manual",,
"AppMgmt","System.ServiceProcess.ServiceController[]","False","False","False","Application Management","System.ServiceProcess.ServiceController[]",".","AppMgmt","System.ServiceProcess.ServiceController[]","SafeServiceHandle","Stopped","Win32ShareProcess","Manual",,
"AppReadiness","System.ServiceProcess.ServiceController[]","False","False","False","App Readiness","System.ServiceProcess.ServiceController[]",".","AppReadiness","System.ServiceProcess.ServiceController[]","SafeServiceHandle","Stopped","Win32OwnProcess, Win32ShareProcess","Manual",,
"AppVClient","System.ServiceProcess.ServiceController[]","False","False","False","Microsoft App-V Client","System.ServiceProcess.ServiceController[]",".","AppVClient","System.ServiceProcess.ServiceController[]","SafeServiceHandle","Stopped","Win32OwnProcess","Disabled",,
"AppXSvc","System.ServiceProcess.ServiceController[]","False","True","True","AppX Deployment Service (AppXSVC)","System.ServiceProcess.ServiceController[]",".","AppXSvc","System.ServiceProcess.ServiceController[]","SafeServiceHandle","Running","Win32OwnProcess, Win32ShareProcess","Automatic",,
"ApxSvc","System.ServiceProcess.ServiceController[]","False","False","False","Windows Virtual Audio Device Proxy Service","System.ServiceProcess.ServiceController[]",".","ApxSvc","System.ServiceProcess.ServiceController[]","SafeServiceHandle","Stopped","Win32OwnProcess","Manual",,
"aspnet_state","System.ServiceProcess.ServiceController[]","False","False","False","ASP.NET State Service","System.ServiceProcess.ServiceController[]",".","aspnet_state","System.ServiceProcess.ServiceController[]","SafeServiceHandle","Stopped","Win32OwnProcess","Manual",,
"AssignedAccessManagerSvc","System.ServiceProcess.ServiceController[]","False","False","False","AssignedAccessManager Service","System.ServiceProcess.ServiceController[]",".","AssignedAccessManagerSvc","System.ServiceProcess.ServiceController[]","SafeServiceHandle","Stopped","Win32ShareProcess","Manual",,
"AudioEndpointBuilder","System.ServiceProcess.ServiceController[]","False","False","True","Windows Audio Endpoint Builder","System.ServiceProcess.ServiceController[]",".","AudioEndpointBuilder","System.ServiceProcess.ServiceController[]","SafeServiceHandle","Running","Win32OwnProcess, Win32ShareProcess","Automatic",,
"Audiosrv","System.ServiceProcess.ServiceController[]","False","False","True","Windows Audio","System.ServiceProcess.ServiceController[]",".","Audiosrv","System.ServiceProcess.ServiceController[]","SafeServiceHandle","Running","Win32OwnProcess","Automatic",,
"autotimesvc","System.ServiceProcess.ServiceController[]","False","False","False","Cellular Time","System.ServiceProcess.ServiceController[]",".","autotimesvc","System.ServiceProcess.ServiceController[]","SafeServiceHandle","Stopped","Win32OwnProcess","Manual",,
"AxInstSV","System.ServiceProcess.ServiceController[]","False","False","False","ActiveX Installer (AxInstSV)","System.ServiceProcess.ServiceController[]",".","AxInstSV","System.ServiceProcess.ServiceController[]","SafeServiceHandle","Stopped","Win32ShareProcess","Manual",,
"AzureAttestService","System.ServiceProcess.ServiceController[]","False","False","True","AzureAttestService","System.ServiceProcess.ServiceController[]",".","AzureAttestService","System.ServiceProcess.ServiceController[]","SafeServiceHandle","Running","Win32OwnProcess, Win32ShareProcess","Automatic",,
"BcastDVRUserService_cd8b2e","System.ServiceProcess.ServiceController[]","False","False","True","GameDVR and Broadcast User Service_cd8b2e","System.ServiceProcess.ServiceController[]",".","BcastDVRUserService_cd8b2e","System.ServiceProcess.ServiceController[]","SafeServiceHandle","StopPending","240","Manual",,
"BDESVC","System.ServiceProcess.ServiceController[]","False","False","True","BitLocker Drive Encryption Service","System.ServiceProcess.ServiceController[]",".","BDESVC","System.ServiceProcess.ServiceController[]",,"Running","Win32OwnProcess, Win32ShareProcess","Manual",,
"BFE","System.ServiceProcess.ServiceController[]","False","False","True","Base Filtering Engine","System.ServiceProcess.ServiceController[]",".","BFE","System.ServiceProcess.ServiceController[]",,"Running","Win32ShareProcess","Automatic",,
"BITS","System.ServiceProcess.ServiceController[]","False","False","True","Background Intelligent Transfer Service","System.ServiceProcess.ServiceController[]",".","BITS","System.ServiceProcess.ServiceController[]","SafeServiceHandle","Running","Win32OwnProcess, Win32ShareProcess","Automatic",,
"BluetoothUserService_cd8b2e","System.ServiceProcess.ServiceController[]","False","False","False","Bluetooth User Support Service_cd8b2e","System.ServiceProcess.ServiceController[]",".","BluetoothUserService_cd8b2e","System.ServiceProcess.ServiceController[]","SafeServiceHandle","Stopped","224","Manual",,
"BrokerInfrastructure","System.ServiceProcess.ServiceController[]","False","False","False","Background Tasks Infrastructure Service","System.ServiceProcess.ServiceController[]",".","BrokerInfrastructure","System.ServiceProcess.ServiceController[]",,"Running","Win32ShareProcess","Automatic",,
"BTAGService","System.ServiceProcess.ServiceController[]","False","False","False","Bluetooth Audio Gateway Service","System.ServiceProcess.ServiceController[]",".","BTAGService","System.ServiceProcess.ServiceController[]","SafeServiceHandle","Stopped","Win32ShareProcess","Manual",,
"BthAvctpSvc","System.ServiceProcess.ServiceController[]","False","False","False","AVCTP service","System.ServiceProcess.ServiceController[]",".","BthAvctpSvc","System.ServiceProcess.ServiceController[]","SafeServiceHandle","Stopped","Win32ShareProcess","Manual",,
"bthserv","System.ServiceProcess.ServiceController[]","False","True","True","Bluetooth Support Service","System.ServiceProcess.ServiceController[]",".","bthserv","System.ServiceProcess.ServiceController[]","SafeServiceHandle","Running","Win32OwnProcess, Win32ShareProcess","Manual",,
"c2wts","System.ServiceProcess.ServiceController[]","False","False","False","Claims to Windows Token Service","System.ServiceProcess.ServiceController[]",".","c2wts","System.ServiceProcess.ServiceController[]","SafeServiceHandle","Stopped","Win32OwnProcess","Manual",,
"camsvc","System.ServiceProcess.ServiceController[]","False","True","True","Capability Access Manager Service","System.ServiceProcess.ServiceController[]",".","camsvc","System.ServiceProcess.ServiceController[]","SafeServiceHandle","Running","Win32OwnProcess, Win32ShareProcess","Automatic",,
"CaptureService_cd8b2e","System.ServiceProcess.ServiceController[]","False","False","False","CaptureService_cd8b2e","System.ServiceProcess.ServiceController[]",".","CaptureService_cd8b2e","System.ServiceProcess.ServiceController[]","SafeServiceHandle","Stopped","240","Manual",,
"cbdhsvc_cd8b2e","System.ServiceProcess.ServiceController[]","False","False","True","Clipboard User Service_cd8b2e","System.ServiceProcess.ServiceController[]",".","cbdhsvc_cd8b2e","System.ServiceProcess.ServiceController[]","SafeServiceHandle","Running","240","Automatic",,
"CDPSvc","System.ServiceProcess.ServiceController[]","False","False","True","Connected Devices Platform Service","System.ServiceProcess.ServiceController[]",".","CDPSvc","System.ServiceProcess.ServiceController[]","SafeServiceHandle","Running","Win32OwnProcess, Win32ShareProcess","Automatic",,
"CDPUserSvc_cd8b2e","System.ServiceProcess.ServiceController[]","False","False","True","Connected Devices Platform User Service_cd8b2e","System.ServiceProcess.ServiceController[]",".","CDPUserSvc_cd8b2e","System.ServiceProcess.ServiceController[]","SafeServiceHandle","Running","240","Automatic",,
"CertPropSvc","System.ServiceProcess.ServiceController[]","False","True","True","Certificate Propagation","System.ServiceProcess.ServiceController[]",".","CertPropSvc","System.ServiceProcess.ServiceController[]",,"Running","Win32OwnProcess, Win32ShareProcess","Manual",,
"ClickToRunSvc","System.ServiceProcess.ServiceController[]","False","True","True","Microsoft Office Click-to-Run Service","System.ServiceProcess.ServiceController[]",".","ClickToRunSvc","System.ServiceProcess.ServiceController[]","SafeServiceHandle","Running","Win32OwnProcess","Automatic",,
"client_service","System.ServiceProcess.ServiceController[]","False","True","True","Omnissa Horizon Client","System.ServiceProcess.ServiceController[]",".","client_service","System.ServiceProcess.ServiceController[]","SafeServiceHandle","Running","Win32OwnProcess, InteractiveProcess","Automatic",,
"ClipSVC","System.ServiceProcess.ServiceController[]","False","True","True","Client License Service (ClipSVC)","System.ServiceProcess.ServiceController[]",".","ClipSVC","System.ServiceProcess.ServiceController[]",,"Running","Win32OwnProcess, Win32ShareProcess","Manual",,
"CloudBackupRestoreSvc_cd8b2e","System.ServiceProcess.ServiceController[]","False","False","False","Cloud Backup and Restore Service_cd8b2e","System.ServiceProcess.ServiceController[]",".","CloudBackupRestoreSvc_cd8b2e","System.ServiceProcess.ServiceController[]","SafeServiceHandle","Stopped","224","Manual",,
"cloudidsvc","System.ServiceProcess.ServiceController[]","False","False","False","Microsoft Cloud Identity Service","System.ServiceProcess.ServiceController[]",".","cloudidsvc","System.ServiceProcess.ServiceController[]","SafeServiceHandle","Stopped","Win32OwnProcess","Manual",,
"com.docker.service","System.ServiceProcess.ServiceController[]","False","False","False","Docker Desktop Service","System.ServiceProcess.ServiceController[]",".","com.docker.service","System.ServiceProcess.ServiceController[]","SafeServiceHandle","Stopped","Win32OwnProcess","Manual",,
"COMSysApp","System.ServiceProcess.ServiceController[]","False","False","False","COM+ System Application","System.ServiceProcess.ServiceController[]",".","COMSysApp","System.ServiceProcess.ServiceController[]","SafeServiceHandle","Stopped","Win32OwnProcess","Manual",,
"ConsentUxUserSvc_cd8b2e","System.ServiceProcess.ServiceController[]","False","False","False","ConsentUX User Service_cd8b2e","System.ServiceProcess.ServiceController[]",".","ConsentUxUserSvc_cd8b2e","System.ServiceProcess.ServiceController[]","SafeServiceHandle","Stopped","224","Manual",,
"CoreMessagingRegistrar","System.ServiceProcess.ServiceController[]","False","False","False","CoreMessaging","System.ServiceProcess.ServiceController[]",".","CoreMessagingRegistrar","System.ServiceProcess.ServiceController[]",,"Running","Win32ShareProcess","Automatic",,
"cphs","System.ServiceProcess.ServiceController[]","False","False","True","Intel(R) Content Protection HECI Service","System.ServiceProcess.ServiceController[]",".","cphs","System.ServiceProcess.ServiceController[]","SafeServiceHandle","Running","Win32OwnProcess","Manual",,
"cplspcon","System.ServiceProcess.ServiceController[]","False","False","True","Intel(R) Content Protection HDCP Service","System.ServiceProcess.ServiceController[]",".","cplspcon","System.ServiceProcess.ServiceController[]","SafeServiceHandle","Running","Win32OwnProcess","Automatic",,
"CredentialEnrollmentManagerUserSvc_cd8b2e","System.ServiceProcess.ServiceController[]","False","False","False","CredentialEnrollmentManagerUserSvc_cd8b2e","System.ServiceProcess.ServiceController[]",".","CredentialEnrollmentManagerUserSvc_cd8b2e","System.ServiceProcess.ServiceController[]",,"Stopped","208","Manual",,
"CryptSvc","System.ServiceProcess.ServiceController[]","False","True","True","Cryptographic Services","System.ServiceProcess.ServiceController[]",".","CryptSvc","System.ServiceProcess.ServiceController[]","SafeServiceHandle","Running","Win32OwnProcess","Automatic",,
"CscService","System.ServiceProcess.ServiceController[]","False","False","False","Offline Files","System.ServiceProcess.ServiceController[]",".","CscService","System.ServiceProcess.ServiceController[]","SafeServiceHandle","Stopped","Win32ShareProcess","Manual",,
"DcomLaunch","System.ServiceProcess.ServiceController[]","False","False","False","DCOM Server Process Launcher","System.ServiceProcess.ServiceController[]",".","DcomLaunch","System.ServiceProcess.ServiceController[]",,"Running","Win32ShareProcess","Automatic",,
"dcsvc","System.ServiceProcess.ServiceController[]","False","False","False","Declared Configuration(DC) service","System.ServiceProcess.ServiceController[]",".","dcsvc","System.ServiceProcess.ServiceController[]","SafeServiceHandle","Stopped","Win32OwnProcess","Manual",,
"defragsvc","System.ServiceProcess.ServiceController[]","False","False","False","Optimize drives","System.ServiceProcess.ServiceController[]",".","defragsvc","System.ServiceProcess.ServiceController[]","SafeServiceHandle","Stopped","Win32OwnProcess","Manual",,
"DellFFDPWmiService","System.ServiceProcess.ServiceController[]","False","True","True","Dell Free Fall Data Protection WMI Service","System.ServiceProcess.ServiceController[]",".","DellFFDPWmiService","System.ServiceProcess.ServiceController[]","SafeServiceHandle","Running","Win32OwnProcess","Automatic",,
"DeviceAssociationBrokerSvc_cd8b2e","System.ServiceProcess.ServiceController[]","False","False","False","DeviceAssociationBroker_cd8b2e","System.ServiceProcess.ServiceController[]",".","DeviceAssociationBrokerSvc_cd8b2e","System.ServiceProcess.ServiceController[]",,"Stopped","224","Manual",,
"DeviceAssociationService","System.ServiceProcess.ServiceController[]","False","True","True","Device Association Service","System.ServiceProcess.ServiceController[]",".","DeviceAssociationService","System.ServiceProcess.ServiceController[]","SafeServiceHandle","Running","Win32OwnProcess, Win32ShareProcess","Manual",,
"DeviceInstall","System.ServiceProcess.ServiceController[]","False","False","False","Device Install Service","System.ServiceProcess.ServiceController[]",".","DeviceInstall","System.ServiceProcess.ServiceController[]","SafeServiceHandle","Stopped","Win32ShareProcess","Manual",,
"DevicePickerUserSvc_cd8b2e","System.ServiceProcess.ServiceController[]","False","False","False","DevicePicker_cd8b2e","System.ServiceProcess.ServiceController[]",".","DevicePickerUserSvc_cd8b2e","System.ServiceProcess.ServiceController[]","SafeServiceHandle","Stopped","224","Manual",,
"DevicesFlowUserSvc_cd8b2e","System.ServiceProcess.ServiceController[]","False","False","True","DevicesFlow_cd8b2e","System.ServiceProcess.ServiceController[]",".","DevicesFlowUserSvc_cd8b2e","System.ServiceProcess.ServiceController[]","SafeServiceHandle","Running","240","Manual",,
"DevQueryBroker","System.ServiceProcess.ServiceController[]","False","True","True","DevQuery Background Discovery Broker","System.ServiceProcess.ServiceController[]",".","DevQueryBroker","System.ServiceProcess.ServiceController[]","SafeServiceHandle","Running","Win32OwnProcess, Win32ShareProcess","Manual",,
"Dhcp","System.ServiceProcess.ServiceController[]","False","True","True","DHCP Client","System.ServiceProcess.ServiceController[]",".","Dhcp","System.ServiceProcess.ServiceController[]","SafeServiceHandle","Running","Win32OwnProcess, Win32ShareProcess","Automatic",,
"diagsvc","System.ServiceProcess.ServiceController[]","False","False","False","Diagnostic Execution Service","System.ServiceProcess.ServiceController[]",".","diagsvc","System.ServiceProcess.ServiceController[]","SafeServiceHandle","Stopped","Win32ShareProcess","Manual",,
"DiagTrack","System.ServiceProcess.ServiceController[]","False","True","True","Connected User Experiences and Telemetry","System.ServiceProcess.ServiceController[]",".","DiagTrack","System.ServiceProcess.ServiceController[]","SafeServiceHandle","Running","Win32OwnProcess","Automatic",,
"DialogBlockingService","System.ServiceProcess.ServiceController[]","False","False","False","DialogBlockingService","System.ServiceProcess.ServiceController[]",".","DialogBlockingService","System.ServiceProcess.ServiceController[]","SafeServiceHandle","Stopped","Win32ShareProcess","Disabled",,
"DispBrokerDesktopSvc","System.ServiceProcess.ServiceController[]","False","False","True","Display Policy Service","System.ServiceProcess.ServiceController[]",".","DispBrokerDesktopSvc","System.ServiceProcess.ServiceController[]","SafeServiceHandle","Running","Win32OwnProcess, Win32ShareProcess","Automatic",,
"DisplayEnhancementService","System.ServiceProcess.ServiceController[]","False","False","True","Display Enhancement Service","System.ServiceProcess.ServiceController[]",".","DisplayEnhancementService","System.ServiceProcess.ServiceController[]","SafeServiceHandle","Running","Win32OwnProcess, Win32ShareProcess","Manual",,
"DmEnrollmentSvc","System.ServiceProcess.ServiceController[]","False","False","False","Device Management Enrollment Service","System.ServiceProcess.ServiceController[]",".","DmEnrollmentSvc","System.ServiceProcess.ServiceController[]","SafeServiceHandle","Stopped","Win32OwnProcess","Manual",,
"dmwappushservice","System.ServiceProcess.ServiceController[]","False","False","False","Device Management Wireless Application Protocol (WAP) Push message Routing Service","System.ServiceProcess.ServiceController[]",".","dmwappushservice","System.ServiceProcess.ServiceController[]","SafeServiceHandle","Stopped","Win32ShareProcess","Manual",,
"Dnscache","System.ServiceProcess.ServiceController[]","False","False","False","DNS Client","System.ServiceProcess.ServiceController[]",".","Dnscache","System.ServiceProcess.ServiceController[]",,"Running","Win32OwnProcess","Automatic",,
"DoSvc","System.ServiceProcess.ServiceController[]","False","False","True","Delivery Optimization","System.ServiceProcess.ServiceController[]",".","DoSvc","System.ServiceProcess.ServiceController[]","SafeServiceHandle","Running","Win32OwnProcess","Automatic",,
"dot3svc","System.ServiceProcess.ServiceController[]","False","False","False","Wired AutoConfig","System.ServiceProcess.ServiceController[]",".","dot3svc","System.ServiceProcess.ServiceController[]","SafeServiceHandle","Stopped","Win32ShareProcess","Manual",,
"DPS","System.ServiceProcess.ServiceController[]","False","True","True","Diagnostic Policy Service","System.ServiceProcess.ServiceController[]",".","DPS","System.ServiceProcess.ServiceController[]",,"Running","Win32OwnProcess, Win32ShareProcess","Automatic",,
"DsmSvc","System.ServiceProcess.ServiceController[]","False","False","False","Device Setup Manager","System.ServiceProcess.ServiceController[]",".","DsmSvc","System.ServiceProcess.ServiceController[]","SafeServiceHandle","Stopped","Win32OwnProcess, Win32ShareProcess","Manual",,
"DsSvc","System.ServiceProcess.ServiceController[]","False","False","True","Data Sharing Service","System.ServiceProcess.ServiceController[]",".","DsSvc","System.ServiceProcess.ServiceController[]","SafeServiceHandle","Running","Win32OwnProcess, Win32ShareProcess","Manual",,
"DusmSvc","System.ServiceProcess.ServiceController[]","False","False","True","Data Usage","System.ServiceProcess.ServiceController[]",".","DusmSvc","System.ServiceProcess.ServiceController[]","SafeServiceHandle","Running","Win32OwnProcess","Automatic",,
"EapHost","System.ServiceProcess.ServiceController[]","False","False","False","Extensible Authentication Protocol","System.ServiceProcess.ServiceController[]",".","EapHost","System.ServiceProcess.ServiceController[]","SafeServiceHandle","Stopped","Win32OwnProcess","Manual",,
"edgeupdate","System.ServiceProcess.ServiceController[]","False","False","False","Microsoft Edge Update Service (edgeupdate)","System.ServiceProcess.ServiceController[]",".","edgeupdate","System.ServiceProcess.ServiceController[]","SafeServiceHandle","Stopped","Win32OwnProcess","Automatic",,
"edgeupdatem","System.ServiceProcess.ServiceController[]","False","False","False","Microsoft Edge Update Service (edgeupdatem)","System.ServiceProcess.ServiceController[]",".","edgeupdatem","System.ServiceProcess.ServiceController[]","SafeServiceHandle","Stopped","Win32OwnProcess","Manual",,
"EFS","System.ServiceProcess.ServiceController[]","False","False","False","Encrypting File System (EFS)","System.ServiceProcess.ServiceController[]",".","EFS","System.ServiceProcess.ServiceController[]",,"Stopped","Win32ShareProcess","Manual",,
"embeddedmode","System.ServiceProcess.ServiceController[]","False","False","False","Embedded Mode","System.ServiceProcess.ServiceController[]",".","embeddedmode","System.ServiceProcess.ServiceController[]","SafeServiceHandle","Stopped","Win32ShareProcess","Manual",,
"EntAppSvc","System.ServiceProcess.ServiceController[]","False","False","False","Enterprise App Management Service","System.ServiceProcess.ServiceController[]",".","EntAppSvc","System.ServiceProcess.ServiceController[]","SafeServiceHandle","Stopped","Win32ShareProcess","Manual",,
"esifsvc","System.ServiceProcess.ServiceController[]","True","False","True","Intel(R) Dynamic Tuning service","System.ServiceProcess.ServiceController[]",".","esifsvc","System.ServiceProcess.ServiceController[]","SafeServiceHandle","Running","Win32OwnProcess","Automatic",,
"EventLog","System.ServiceProcess.ServiceController[]","False","True","True","Windows Event Log","System.ServiceProcess.ServiceController[]",".","EventLog","System.ServiceProcess.ServiceController[]","SafeServiceHandle","Running","Win32OwnProcess, Win32ShareProcess","Automatic",,
"EventSystem","System.ServiceProcess.ServiceController[]","False","False","True","COM+ Event System","System.ServiceProcess.ServiceController[]",".","EventSystem","System.ServiceProcess.ServiceController[]","SafeServiceHandle","Running","Win32OwnProcess, Win32ShareProcess","Automatic",,
"fdPHost","System.ServiceProcess.ServiceController[]","False","False","False","Function Discovery Provider Host","System.ServiceProcess.ServiceController[]",".","fdPHost","System.ServiceProcess.ServiceController[]","SafeServiceHandle","Stopped","Win32ShareProcess","Manual",,
"FDResPub","System.ServiceProcess.ServiceController[]","False","False","False","Function Discovery Resource Publication","System.ServiceProcess.ServiceController[]",".","FDResPub","System.ServiceProcess.ServiceController[]","SafeServiceHandle","Stopped","Win32ShareProcess","Manual",,
"fhsvc","System.ServiceProcess.ServiceController[]","False","False","False","File History Service","System.ServiceProcess.ServiceController[]",".","fhsvc","System.ServiceProcess.ServiceController[]","SafeServiceHandle","Stopped","Win32ShareProcess","Manual",,
"FileSyncHelper","System.ServiceProcess.ServiceController[]","False","False","False","FileSyncHelper","System.ServiceProcess.ServiceController[]",".","FileSyncHelper","System.ServiceProcess.ServiceController[]","SafeServiceHandle","Stopped","Win32OwnProcess","Manual",,
"FontCache","System.ServiceProcess.ServiceController[]","False","True","True","Windows Font Cache Service","System.ServiceProcess.ServiceController[]",".","FontCache","System.ServiceProcess.ServiceController[]","SafeServiceHandle","Running","Win32OwnProcess, Win32ShareProcess","Automatic",,
"FontCache3.0.0.0","System.ServiceProcess.ServiceController[]","False","True","True","Windows Presentation Foundation Font Cache 3.0.0.0","System.ServiceProcess.ServiceController[]",".","FontCache3.0.0.0","System.ServiceProcess.ServiceController[]","SafeServiceHandle","Running","Win32OwnProcess","Manual",,
"FrameServer","System.ServiceProcess.ServiceController[]","False","False","False","Windows Camera Frame Server","System.ServiceProcess.ServiceController[]",".","FrameServer","System.ServiceProcess.ServiceController[]","SafeServiceHandle","Stopped","Win32OwnProcess, Win32ShareProcess","Manual",,
"FrameServerMonitor","System.ServiceProcess.ServiceController[]","False","False","False","Windows Camera Frame Server Monitor","System.ServiceProcess.ServiceController[]",".","FrameServerMonitor","System.ServiceProcess.ServiceController[]","SafeServiceHandle","Stopped","Win32OwnProcess","Manual",,
"ftnlsv3hv","System.ServiceProcess.ServiceController[]","False","True","True","Omnissa Horizon Netlink Supervisor Service","System.ServiceProcess.ServiceController[]",".","ftnlsv3hv","System.ServiceProcess.ServiceController[]","SafeServiceHandle","Running","Win32OwnProcess","Automatic",,
"ftscanmgrhv","System.ServiceProcess.ServiceController[]","False","True","True","Omnissa Horizon Scanner Redirection Client","System.ServiceProcess.ServiceController[]",".","ftscanmgrhv","System.ServiceProcess.ServiceController[]","SafeServiceHandle","Running","Win32OwnProcess","Automatic",,
"GameInputSvc","System.ServiceProcess.ServiceController[]","False","False","False","GameInput Service","System.ServiceProcess.ServiceController[]",".","GameInputSvc","System.ServiceProcess.ServiceController[]","SafeServiceHandle","Stopped","Win32OwnProcess","Manual",,
"gpsvc","System.ServiceProcess.ServiceController[]","False","False","True","Group Policy Client","System.ServiceProcess.ServiceController[]",".","gpsvc","System.ServiceProcess.ServiceController[]",,"Running","Win32OwnProcess","Automatic",,
"GraphicsPerfSvc","System.ServiceProcess.ServiceController[]","False","False","False","GraphicsPerfSvc","System.ServiceProcess.ServiceController[]",".","GraphicsPerfSvc","System.ServiceProcess.ServiceController[]","SafeServiceHandle","Stopped","Win32ShareProcess","Manual",,
"HfcDisableService","System.ServiceProcess.ServiceController[]","False","False","False","Intel(R) RST HFC Disable Service","System.ServiceProcess.ServiceController[]",".","HfcDisableService","System.ServiceProcess.ServiceController[]","SafeServiceHandle","Stopped","Win32OwnProcess","Disabled",,
"HgClientService","System.ServiceProcess.ServiceController[]","False","False","False","Host Guardian Client Service","System.ServiceProcess.ServiceController[]",".","HgClientService","System.ServiceProcess.ServiceController[]","SafeServiceHandle","Stopped","Win32ShareProcess","Manual",,
"hidserv","System.ServiceProcess.ServiceController[]","False","True","True","Human Interface Device Service","System.ServiceProcess.ServiceController[]",".","hidserv","System.ServiceProcess.ServiceController[]","SafeServiceHandle","Running","Win32OwnProcess, Win32ShareProcess","Manual",,
"HNS","System.ServiceProcess.ServiceController[]","False","False","True","Host Network Service","System.ServiceProcess.ServiceController[]",".","HNS","System.ServiceProcess.ServiceController[]","SafeServiceHandle","Running","Win32OwnProcess, Win32ShareProcess","Manual",,
"hostcontrolsvc","System.ServiceProcess.ServiceController[]","True","True","True","Credential Vault Host Control Service","System.ServiceProcess.ServiceController[]",".","hostcontrolsvc","System.ServiceProcess.ServiceController[]","SafeServiceHandle","Running","Win32OwnProcess","Automatic",,
"hoststoragesvc","System.ServiceProcess.ServiceController[]","True","True","True","Credential Vault Host Storage","System.ServiceProcess.ServiceController[]",".","hoststoragesvc","System.ServiceProcess.ServiceController[]","SafeServiceHandle","Running","Win32OwnProcess","Automatic",,
"hpatchmon","System.ServiceProcess.ServiceController[]","False","False","False","Hotpatch Monitoring Service","System.ServiceProcess.ServiceController[]",".","hpatchmon","System.ServiceProcess.ServiceController[]","SafeServiceHandle","Stopped","Win32OwnProcess","Manual",,
"HvHost","System.ServiceProcess.ServiceController[]","False","True","True","HV Host Service","System.ServiceProcess.ServiceController[]",".","HvHost","System.ServiceProcess.ServiceController[]","SafeServiceHandle","Running","Win32OwnProcess, Win32ShareProcess","Manual",,
"hznsprrdpwks","System.ServiceProcess.ServiceController[]","False","True","True","Omnissa Horizon Serial Com Redirection Client service","System.ServiceProcess.ServiceController[]",".","hznsprrdpwks","System.ServiceProcess.ServiceController[]","SafeServiceHandle","Running","Win32OwnProcess","Automatic",,
"iaStorAfsService","System.ServiceProcess.ServiceController[]","False","False","False","Intel(R) Optane(TM) Memory Service","System.ServiceProcess.ServiceController[]",".","iaStorAfsService","System.ServiceProcess.ServiceController[]","SafeServiceHandle","Stopped","Win32OwnProcess","Manual",,
"icssvc","System.ServiceProcess.ServiceController[]","False","False","False","Windows Mobile Hotspot Service","System.ServiceProcess.ServiceController[]",".","icssvc","System.ServiceProcess.ServiceController[]","SafeServiceHandle","Stopped","Win32OwnProcess, Win32ShareProcess","Manual",,
"igccservice","System.ServiceProcess.ServiceController[]","True","True","True","Intel(R) Graphics Command Center Service","System.ServiceProcess.ServiceController[]",".","igccservice","System.ServiceProcess.ServiceController[]","SafeServiceHandle","Running","Win32OwnProcess","Automatic",,
"igfxCUIService2.0.0.0","System.ServiceProcess.ServiceController[]","False","False","True","Intel(R) HD Graphics Control Panel Service","System.ServiceProcess.ServiceController[]",".","igfxCUIService2.0.0.0","System.ServiceProcess.ServiceController[]","SafeServiceHandle","Running","Win32OwnProcess","Automatic",,
"IISADMIN","System.ServiceProcess.ServiceController[]","False","True","True","IIS Admin Service","System.ServiceProcess.ServiceController[]",".","IISADMIN","System.ServiceProcess.ServiceController[]","SafeServiceHandle","Running","Win32ShareProcess","Automatic",,
"IKEEXT","System.ServiceProcess.ServiceController[]","False","False","False","IKE and AuthIP IPsec Keying Modules","System.ServiceProcess.ServiceController[]",".","IKEEXT","System.ServiceProcess.ServiceController[]","SafeServiceHandle","Stopped","Win32ShareProcess","Manual",,
"InstallService","System.ServiceProcess.ServiceController[]","False","False","True","Microsoft Store Install Service","System.ServiceProcess.ServiceController[]",".","InstallService","System.ServiceProcess.ServiceController[]","SafeServiceHandle","Running","Win32OwnProcess","Manual",,
"Intel(R) TPM Provisioning Service","System.ServiceProcess.ServiceController[]","False","False","False","Intel(R) TPM Provisioning Service","System.ServiceProcess.ServiceController[]",".","Intel(R) TPM Provisioning Service","System.ServiceProcess.ServiceController[]","SafeServiceHandle","Stopped","Win32OwnProcess","Automatic",,
"IntelAudioService","System.ServiceProcess.ServiceController[]","False","True","True","Intel(R) Audio Service","System.ServiceProcess.ServiceController[]",".","IntelAudioService","System.ServiceProcess.ServiceController[]","SafeServiceHandle","Running","Win32OwnProcess","Automatic",,
"InventorySvc","System.ServiceProcess.ServiceController[]","False","True","True","Inventory and Compatibility Appraisal service","System.ServiceProcess.ServiceController[]",".","InventorySvc","System.ServiceProcess.ServiceController[]","SafeServiceHandle","Running","Win32OwnProcess, Win32ShareProcess","Automatic",,
"iphlpsvc","System.ServiceProcess.ServiceController[]","False","False","True","IP Helper","System.ServiceProcess.ServiceController[]",".","iphlpsvc","System.ServiceProcess.ServiceController[]","SafeServiceHandle","Running","Win32OwnProcess, Win32ShareProcess","Automatic",,
"IpxlatCfgSvc","System.ServiceProcess.ServiceController[]","False","False","False","IP Translation Configuration Service","System.ServiceProcess.ServiceController[]",".","IpxlatCfgSvc","System.ServiceProcess.ServiceController[]","SafeServiceHandle","Stopped","Win32ShareProcess","Manual",,
"jhi_service","System.ServiceProcess.ServiceController[]","False","False","True","Intel(R) Dynamic Application Loader Host Interface Service","System.ServiceProcess.ServiceController[]",".","jhi_service","System.ServiceProcess.ServiceController[]","SafeServiceHandle","Running","Win32OwnProcess","Automatic",,
"KeyIso","System.ServiceProcess.ServiceController[]","False","False","True","CNG Key Isolation","System.ServiceProcess.ServiceController[]",".","KeyIso","System.ServiceProcess.ServiceController[]","SafeServiceHandle","Running","Win32ShareProcess","Manual",,
"KtmRm","System.ServiceProcess.ServiceController[]","False","False","False","KtmRm for Distributed Transaction Coordinator","System.ServiceProcess.ServiceController[]",".","KtmRm","System.ServiceProcess.ServiceController[]","SafeServiceHandle","Stopped","Win32ShareProcess","Manual",,
"LanmanServer","System.ServiceProcess.ServiceController[]","False","False","True","Server","System.ServiceProcess.ServiceController[]",".","LanmanServer","System.ServiceProcess.ServiceController[]","SafeServiceHandle","Running","Win32OwnProcess, Win32ShareProcess","Automatic",,
"LanmanWorkstation","System.ServiceProcess.ServiceController[]","True","False","True","Workstation","System.ServiceProcess.ServiceController[]",".","LanmanWorkstation","System.ServiceProcess.ServiceController[]","SafeServiceHandle","Running","Win32OwnProcess, Win32ShareProcess","Automatic",,
"lfsvc","System.ServiceProcess.ServiceController[]","False","False","True","Geolocation Service","System.ServiceProcess.ServiceController[]",".","lfsvc","System.ServiceProcess.ServiceController[]","SafeServiceHandle","Running","Win32OwnProcess, Win32ShareProcess","Manual",,
"LicenseManager","System.ServiceProcess.ServiceController[]","False","False","True","Windows License Manager Service","System.ServiceProcess.ServiceController[]",".","LicenseManager","System.ServiceProcess.ServiceController[]","SafeServiceHandle","Running","Win32OwnProcess, Win32ShareProcess","Manual",,
"lltdsvc","System.ServiceProcess.ServiceController[]","False","False","False","Link-Layer Topology Discovery Mapper","System.ServiceProcess.ServiceController[]",".","lltdsvc","System.ServiceProcess.ServiceController[]","SafeServiceHandle","Stopped","Win32ShareProcess","Manual",,
"lmhosts","System.ServiceProcess.ServiceController[]","False","False","True","TCP/IP NetBIOS Helper","System.ServiceProcess.ServiceController[]",".","lmhosts","System.ServiceProcess.ServiceController[]","SafeServiceHandle","Running","Win32OwnProcess, Win32ShareProcess","Manual",,
"LMS","System.ServiceProcess.ServiceController[]","False","True","True","Intel(R) Management and Security Application Local Management Service","System.ServiceProcess.ServiceController[]",".","LMS","System.ServiceProcess.ServiceController[]","SafeServiceHandle","Running","Win32OwnProcess","Automatic",,
"LocalKdc","System.ServiceProcess.ServiceController[]","False","False","False","Kerberos Local Key Distribution Center","System.ServiceProcess.ServiceController[]",".","LocalKdc","System.ServiceProcess.ServiceController[]","SafeServiceHandle","Stopped","Win32ShareProcess","Manual",,
"LSM","System.ServiceProcess.ServiceController[]","False","False","False","Local Session Manager","System.ServiceProcess.ServiceController[]",".","LSM","System.ServiceProcess.ServiceController[]",,"Running","Win32OwnProcess, Win32ShareProcess","Automatic",,
"LxpSvc","System.ServiceProcess.ServiceController[]","False","False","False","Language Experience Service","System.ServiceProcess.ServiceController[]",".","LxpSvc","System.ServiceProcess.ServiceController[]","SafeServiceHandle","Stopped","Win32OwnProcess, Win32ShareProcess","Manual",,
"MapsBroker","System.ServiceProcess.ServiceController[]","False","False","False","Downloaded Maps Manager","System.ServiceProcess.ServiceController[]",".","MapsBroker","System.ServiceProcess.ServiceController[]","SafeServiceHandle","Stopped","Win32OwnProcess","Automatic",,
"McmSvc","System.ServiceProcess.ServiceController[]","False","False","False","Mobile Connectivity Management Service","System.ServiceProcess.ServiceController[]",".","McmSvc","System.ServiceProcess.ServiceController[]","SafeServiceHandle","Stopped","Win32OwnProcess","Manual",,
"McpManagementService","System.ServiceProcess.ServiceController[]","False","False","False","McpManagementService","System.ServiceProcess.ServiceController[]",".","McpManagementService","System.ServiceProcess.ServiceController[]","SafeServiceHandle","Stopped","Win32OwnProcess","Manual",,
"MDCoreSvc","System.ServiceProcess.ServiceController[]","False","True","True","MDCoreSvc","System.ServiceProcess.ServiceController[]",".","MDCoreSvc","System.ServiceProcess.ServiceController[]",,"Running","Win32OwnProcess","Automatic",,
"MessagingService_cd8b2e","System.ServiceProcess.ServiceController[]","False","False","False","MessagingService_cd8b2e","System.ServiceProcess.ServiceController[]",".","MessagingService_cd8b2e","System.ServiceProcess.ServiceController[]","SafeServiceHandle","Stopped","224","Manual",,
"MicrosoftEdgeElevationService","System.ServiceProcess.ServiceController[]","False","False","False","Microsoft Edge Elevation Service (MicrosoftEdgeElevationService)","System.ServiceProcess.ServiceController[]",".","MicrosoftEdgeElevationService","System.ServiceProcess.ServiceController[]","SafeServiceHandle","Stopped","Win32OwnProcess","Manual",,
"midisrv","System.ServiceProcess.ServiceController[]","False","False","False","Windows MIDI Service","System.ServiceProcess.ServiceController[]",".","midisrv","System.ServiceProcess.ServiceController[]","SafeServiceHandle","Stopped","Win32OwnProcess","Manual",,
"mpssvc","System.ServiceProcess.ServiceController[]","False","False","False","Windows Defender Firewall","System.ServiceProcess.ServiceController[]",".","mpssvc","System.ServiceProcess.ServiceController[]",,"Running","Win32ShareProcess","Automatic",,
"MSDTC","System.ServiceProcess.ServiceController[]","False","False","False","Distributed Transaction Coordinator","System.ServiceProcess.ServiceController[]",".","MSDTC","System.ServiceProcess.ServiceController[]",,"Stopped","Win32OwnProcess","Manual",,
"MsDtsServer150","System.ServiceProcess.ServiceController[]","False","True","True","SQL Server Integration Services 15.0","System.ServiceProcess.ServiceController[]",".","MsDtsServer150","System.ServiceProcess.ServiceController[]","SafeServiceHandle","Running","Win32OwnProcess","Automatic",,
"MSiSCSI","System.ServiceProcess.ServiceController[]","False","False","False","Microsoft iSCSI Initiator Service","System.ServiceProcess.ServiceController[]",".","MSiSCSI","System.ServiceProcess.ServiceController[]","SafeServiceHandle","Stopped","Win32ShareProcess","Manual",,
"msiserver","System.ServiceProcess.ServiceController[]","False","False","False","Windows Installer","System.ServiceProcess.ServiceController[]",".","msiserver","System.ServiceProcess.ServiceController[]","SafeServiceHandle","Stopped","Win32OwnProcess","Manual",,
"MsKeyboardFilter","System.ServiceProcess.ServiceController[]","False","False","False","Microsoft Keyboard Filter","System.ServiceProcess.ServiceController[]",".","MsKeyboardFilter","System.ServiceProcess.ServiceController[]","SafeServiceHandle","Stopped","Win32ShareProcess","Disabled",,
"MSSQLSERVER","System.ServiceProcess.ServiceController[]","True","True","True","SQL Server (MSSQLSERVER)","System.ServiceProcess.ServiceController[]",".","MSSQLSERVER","System.ServiceProcess.ServiceController[]","SafeServiceHandle","Running","Win32OwnProcess","Automatic",,
"MSSQLServerOLAPService","System.ServiceProcess.ServiceController[]","True","False","True","SQL Server Analysis Services (MSSQLSERVER)","System.ServiceProcess.ServiceController[]",".","MSSQLServerOLAPService","System.ServiceProcess.ServiceController[]","SafeServiceHandle","Running","Win32OwnProcess","Automatic",,
"NaturalAuthentication","System.ServiceProcess.ServiceController[]","False","False","False","Natural Authentication","System.ServiceProcess.ServiceController[]",".","NaturalAuthentication","System.ServiceProcess.ServiceController[]","SafeServiceHandle","Stopped","Win32ShareProcess","Manual",,
"NcaSvc","System.ServiceProcess.ServiceController[]","False","False","False","Network Connectivity Assistant","System.ServiceProcess.ServiceController[]",".","NcaSvc","System.ServiceProcess.ServiceController[]","SafeServiceHandle","Stopped","Win32ShareProcess","Manual",,
"NcbService","System.ServiceProcess.ServiceController[]","False","False","True","Network Connection Broker","System.ServiceProcess.ServiceController[]",".","NcbService","System.ServiceProcess.ServiceController[]","SafeServiceHandle","Running","Win32OwnProcess, Win32ShareProcess","Manual",,
"NcdAutoSetup","System.ServiceProcess.ServiceController[]","False","False","False","Network Connected Devices Auto-Setup","System.ServiceProcess.ServiceController[]",".","NcdAutoSetup","System.ServiceProcess.ServiceController[]","SafeServiceHandle","Stopped","Win32ShareProcess","Manual",,
"Netlogon","System.ServiceProcess.ServiceController[]","False","False","False","Netlogon","System.ServiceProcess.ServiceController[]",".","Netlogon","System.ServiceProcess.ServiceController[]","SafeServiceHandle","Stopped","Win32ShareProcess","Manual",,
"Netman","System.ServiceProcess.ServiceController[]","False","False","True","Network Connections","System.ServiceProcess.ServiceController[]",".","Netman","System.ServiceProcess.ServiceController[]","SafeServiceHandle","Running","Win32OwnProcess, Win32ShareProcess","Manual",,
"netprofm","System.ServiceProcess.ServiceController[]","False","False","True","Network List Service","System.ServiceProcess.ServiceController[]",".","netprofm","System.ServiceProcess.ServiceController[]","SafeServiceHandle","Running","Win32OwnProcess, Win32ShareProcess","Manual",,
"NetSetupSvc","System.ServiceProcess.ServiceController[]","False","False","False","Network Setup Service","System.ServiceProcess.ServiceController[]",".","NetSetupSvc","System.ServiceProcess.ServiceController[]","SafeServiceHandle","Stopped","Win32OwnProcess, Win32ShareProcess","Manual",,
"NetTcpPortSharing","System.ServiceProcess.ServiceController[]","False","False","False","Net.Tcp Port Sharing Service","System.ServiceProcess.ServiceController[]",".","NetTcpPortSharing","System.ServiceProcess.ServiceController[]","SafeServiceHandle","Stopped","Win32ShareProcess","Disabled",,
"NgcCtnrSvc","System.ServiceProcess.ServiceController[]","False","False","True","Microsoft Passport Container","System.ServiceProcess.ServiceController[]",".","NgcCtnrSvc","System.ServiceProcess.ServiceController[]",,"Running","Win32OwnProcess, Win32ShareProcess","Manual",,
"NgcSvc","System.ServiceProcess.ServiceController[]","False","False","True","Microsoft Passport","System.ServiceProcess.ServiceController[]",".","NgcSvc","System.ServiceProcess.ServiceController[]",,"Running","Win32OwnProcess, Win32ShareProcess","Manual",,
"NlaSvc","System.ServiceProcess.ServiceController[]","False","False","False","Network Location Awareness","System.ServiceProcess.ServiceController[]",".","NlaSvc","System.ServiceProcess.ServiceController[]","SafeServiceHandle","Stopped","Win32ShareProcess","Manual",,
"NPSMSvc_cd8b2e","System.ServiceProcess.ServiceController[]","False","False","True","Now Playing Session Manager Service_cd8b2e","System.ServiceProcess.ServiceController[]",".","NPSMSvc_cd8b2e","System.ServiceProcess.ServiceController[]","SafeServiceHandle","Running","240","Manual",,
"nsi","System.ServiceProcess.ServiceController[]","False","False","True","Network Store Interface Service","System.ServiceProcess.ServiceController[]",".","nsi","System.ServiceProcess.ServiceController[]","SafeServiceHandle","Running","Win32OwnProcess, Win32ShareProcess","Automatic",,
"nvagent","System.ServiceProcess.ServiceController[]","False","True","True","Network Virtualization Service","System.ServiceProcess.ServiceController[]",".","nvagent","System.ServiceProcess.ServiceController[]","SafeServiceHandle","Running","Win32OwnProcess, Win32ShareProcess","Manual",,
"OmnKsmNotifier","System.ServiceProcess.ServiceController[]","False","True","False","Omnissa KSM Session Notifier","System.ServiceProcess.ServiceController[]",".","OmnKsmNotifier","System.ServiceProcess.ServiceController[]","SafeServiceHandle","Running","Win32OwnProcess","Automatic",,
"OneDrive Updater Service","System.ServiceProcess.ServiceController[]","False","False","False","OneDrive Updater Service","System.ServiceProcess.ServiceController[]",".","OneDrive Updater Service","System.ServiceProcess.ServiceController[]","SafeServiceHandle","Stopped","Win32OwnProcess","Manual",,
"OneSyncSvc_cd8b2e","System.ServiceProcess.ServiceController[]","False","False","True","Sync Host_cd8b2e","System.ServiceProcess.ServiceController[]",".","OneSyncSvc_cd8b2e","System.ServiceProcess.ServiceController[]","SafeServiceHandle","Running","224","Automatic",,
"P9RdrService_cd8b2e","System.ServiceProcess.ServiceController[]","False","False","False","P9RdrService_cd8b2e","System.ServiceProcess.ServiceController[]",".","P9RdrService_cd8b2e","System.ServiceProcess.ServiceController[]","SafeServiceHandle","Stopped","224","Manual",,
"PcaSvc","System.ServiceProcess.ServiceController[]","False","True","True","Program Compatibility Assistant Service","System.ServiceProcess.ServiceController[]",".","PcaSvc","System.ServiceProcess.ServiceController[]","SafeServiceHandle","Running","Win32OwnProcess, Win32ShareProcess","Automatic",,
"PeerDistSvc","System.ServiceProcess.ServiceController[]","False","False","False","BranchCache","System.ServiceProcess.ServiceController[]",".","PeerDistSvc","System.ServiceProcess.ServiceController[]","SafeServiceHandle","Stopped","Win32ShareProcess","Manual",,
"PenService_cd8b2e","System.ServiceProcess.ServiceController[]","False","False","False","PenService_cd8b2e","System.ServiceProcess.ServiceController[]",".","PenService_cd8b2e","System.ServiceProcess.ServiceController[]","SafeServiceHandle","Stopped","224","Manual",,
"perceptionsimulation","System.ServiceProcess.ServiceController[]","False","False","False","Windows Perception Simulation Service","System.ServiceProcess.ServiceController[]",".","perceptionsimulation","System.ServiceProcess.ServiceController[]","SafeServiceHandle","Stopped","Win32OwnProcess","Manual",,
"PerfHost","System.ServiceProcess.ServiceController[]","False","False","False","Performance Counter DLL Host","System.ServiceProcess.ServiceController[]",".","PerfHost","System.ServiceProcess.ServiceController[]","SafeServiceHandle","Stopped","Win32OwnProcess","Manual",,
"PhoneSvc","System.ServiceProcess.ServiceController[]","False","False","False","Phone Service","System.ServiceProcess.ServiceController[]",".","PhoneSvc","System.ServiceProcess.ServiceController[]","SafeServiceHandle","Stopped","Win32ShareProcess","Manual",,
"PimIndexMaintenanceSvc_cd8b2e","System.ServiceProcess.ServiceController[]","False","False","False","Contact Data_cd8b2e","System.ServiceProcess.ServiceController[]",".","PimIndexMaintenanceSvc_cd8b2e","System.ServiceProcess.ServiceController[]","SafeServiceHandle","Stopped","224","Manual",,
"pla","System.ServiceProcess.ServiceController[]","False","False","False","Performance Logs & Alerts","System.ServiceProcess.ServiceController[]",".","pla","System.ServiceProcess.ServiceController[]","SafeServiceHandle","Stopped","Win32ShareProcess","Manual",,
"PlugPlay","System.ServiceProcess.ServiceController[]","False","True","True","Plug and Play","System.ServiceProcess.ServiceController[]",".","PlugPlay","System.ServiceProcess.ServiceController[]","SafeServiceHandle","Running","Win32ShareProcess","Manual",,
"PolicyAgent","System.ServiceProcess.ServiceController[]","False","False","False","IPsec Policy Agent","System.ServiceProcess.ServiceController[]",".","PolicyAgent","System.ServiceProcess.ServiceController[]","SafeServiceHandle","Stopped","Win32ShareProcess","Manual",,
"Power","System.ServiceProcess.ServiceController[]","False","False","False","Power","System.ServiceProcess.ServiceController[]",".","Power","System.ServiceProcess.ServiceController[]","SafeServiceHandle","Running","Win32ShareProcess","Automatic",,
"PrintDeviceConfigurationService","System.ServiceProcess.ServiceController[]","False","False","False","Print Device Configuration Service","System.ServiceProcess.ServiceController[]",".","PrintDeviceConfigurationService","System.ServiceProcess.ServiceController[]","SafeServiceHandle","Stopped","Win32OwnProcess, Win32ShareProcess","Manual",,
"PrintNotify","System.ServiceProcess.ServiceController[]","False","False","False","Printer Extensions and Notifications","System.ServiceProcess.ServiceController[]",".","PrintNotify","System.ServiceProcess.ServiceController[]","SafeServiceHandle","Stopped","Win32ShareProcess, InteractiveProcess","Manual",,
"PrintScanBrokerService","System.ServiceProcess.ServiceController[]","False","False","False","PrintScanBrokerService","System.ServiceProcess.ServiceController[]",".","PrintScanBrokerService","System.ServiceProcess.ServiceController[]","SafeServiceHandle","Stopped","Win32ShareProcess","Manual",,
"PrintWorkflowUserSvc_cd8b2e","System.ServiceProcess.ServiceController[]","False","False","False","PrintWorkflow_cd8b2e","System.ServiceProcess.ServiceController[]",".","PrintWorkflowUserSvc_cd8b2e","System.ServiceProcess.ServiceController[]",,"Stopped","224","Manual",,
"ProfSvc","System.ServiceProcess.ServiceController[]","False","True","True","User Profile Service","System.ServiceProcess.ServiceController[]",".","ProfSvc","System.ServiceProcess.ServiceController[]","SafeServiceHandle","Running","Win32OwnProcess, Win32ShareProcess","Automatic",,
"PushToInstall","System.ServiceProcess.ServiceController[]","False","False","False","Windows PushToInstall Service","System.ServiceProcess.ServiceController[]",".","PushToInstall","System.ServiceProcess.ServiceController[]","SafeServiceHandle","Stopped","Win32OwnProcess, Win32ShareProcess","Manual",,
"QWAVE","System.ServiceProcess.ServiceController[]","False","False","False","Quality Windows Audio Video Experience","System.ServiceProcess.ServiceController[]",".","QWAVE","System.ServiceProcess.ServiceController[]","SafeServiceHandle","Stopped","Win32ShareProcess","Manual",,
"RasAuto","System.ServiceProcess.ServiceController[]","False","False","False","Remote Access Auto Connection Manager","System.ServiceProcess.ServiceController[]",".","RasAuto","System.ServiceProcess.ServiceController[]","SafeServiceHandle","Stopped","Win32ShareProcess","Manual",,
"RasMan","System.ServiceProcess.ServiceController[]","False","True","True","Remote Access Connection Manager","System.ServiceProcess.ServiceController[]",".","RasMan","System.ServiceProcess.ServiceController[]","SafeServiceHandle","Running","Win32ShareProcess","Manual",,
"refsdedupsvc","System.ServiceProcess.ServiceController[]","False","False","False","ReFS Dedup Service","System.ServiceProcess.ServiceController[]",".","refsdedupsvc","System.ServiceProcess.ServiceController[]","SafeServiceHandle","Stopped","Win32OwnProcess","Manual",,
"RemoteAccess","System.ServiceProcess.ServiceController[]","False","False","False","Routing and Remote Access","System.ServiceProcess.ServiceController[]",".","RemoteAccess","System.ServiceProcess.ServiceController[]","SafeServiceHandle","Stopped","Win32ShareProcess","Disabled",,
"RemoteRegistry","System.ServiceProcess.ServiceController[]","False","False","False","Remote Registry","System.ServiceProcess.ServiceController[]",".","RemoteRegistry","System.ServiceProcess.ServiceController[]","SafeServiceHandle","Stopped","Win32ShareProcess","Disabled",,
"RetailDemo","System.ServiceProcess.ServiceController[]","False","False","False","Retail Demo Service","System.ServiceProcess.ServiceController[]",".","RetailDemo","System.ServiceProcess.ServiceController[]","SafeServiceHandle","Stopped","Win32ShareProcess","Manual",,
"RmSvc","System.ServiceProcess.ServiceController[]","False","False","True","Radio Management Service","System.ServiceProcess.ServiceController[]",".","RmSvc","System.ServiceProcess.ServiceController[]",,"Running","Win32OwnProcess, Win32ShareProcess","Manual",,
"RpcEptMapper","System.ServiceProcess.ServiceController[]","False","False","False","RPC Endpoint Mapper","System.ServiceProcess.ServiceController[]",".","RpcEptMapper","System.ServiceProcess.ServiceController[]",,"Running","Win32ShareProcess","Automatic",,
"RpcLocator","System.ServiceProcess.ServiceController[]","False","False","False","Remote Procedure Call (RPC) Locator","System.ServiceProcess.ServiceController[]",".","RpcLocator","System.ServiceProcess.ServiceController[]","SafeServiceHandle","Stopped","Win32OwnProcess","Manual",,
"RpcSs","System.ServiceProcess.ServiceController[]","False","False","False","Remote Procedure Call (RPC)","System.ServiceProcess.ServiceController[]",".","RpcSs","System.ServiceProcess.ServiceController[]",,"Running","Win32ShareProcess","Automatic",,
"RstMwService","System.ServiceProcess.ServiceController[]","False","True","True","Intel(R) Storage Middleware Service","System.ServiceProcess.ServiceController[]",".","RstMwService","System.ServiceProcess.ServiceController[]","SafeServiceHandle","Running","Win32OwnProcess","Automatic",,
"RtkAudioUniversalService","System.ServiceProcess.ServiceController[]","False","True","True","Realtek Audio Universal Service","System.ServiceProcess.ServiceController[]",".","RtkAudioUniversalService","System.ServiceProcess.ServiceController[]","SafeServiceHandle","Running","Win32OwnProcess","Automatic",,
"SamSs","System.ServiceProcess.ServiceController[]","False","False","False","Security Accounts Manager","System.ServiceProcess.ServiceController[]",".","SamSs","System.ServiceProcess.ServiceController[]","SafeServiceHandle","Running","Win32ShareProcess","Automatic",,
"SCardSvr","System.ServiceProcess.ServiceController[]","False","False","True","Smart Card","System.ServiceProcess.ServiceController[]",".","SCardSvr","System.ServiceProcess.ServiceController[]",,"Running","Win32OwnProcess, Win32ShareProcess","Manual",,
"ScDeviceEnum","System.ServiceProcess.ServiceController[]","False","False","False","Smart Card Device Enumeration Service","System.ServiceProcess.ServiceController[]",".","ScDeviceEnum","System.ServiceProcess.ServiceController[]",,"Stopped","Win32OwnProcess, Win32ShareProcess","Manual",,
"Schedule","System.ServiceProcess.ServiceController[]","False","True","True","Task Scheduler","System.ServiceProcess.ServiceController[]",".","Schedule","System.ServiceProcess.ServiceController[]",,"Running","Win32OwnProcess, Win32ShareProcess","Automatic",,
"SCPolicySvc","System.ServiceProcess.ServiceController[]","False","False","False","Smart Card Removal Policy","System.ServiceProcess.ServiceController[]",".","SCPolicySvc","System.ServiceProcess.ServiceController[]",,"Stopped","Win32ShareProcess","Manual",,
"SDRSVC","System.ServiceProcess.ServiceController[]","False","False","False","Windows Backup","System.ServiceProcess.ServiceController[]",".","SDRSVC","System.ServiceProcess.ServiceController[]","SafeServiceHandle","Stopped","Win32OwnProcess","Manual",,
"seclogon","System.ServiceProcess.ServiceController[]","False","False","False","Secondary Logon","System.ServiceProcess.ServiceController[]",".","seclogon","System.ServiceProcess.ServiceController[]","SafeServiceHandle","Stopped","Win32ShareProcess","Manual",,
"SecurityHealthService","System.ServiceProcess.ServiceController[]","False","False","False","Windows Security Service","System.ServiceProcess.ServiceController[]",".","SecurityHealthService","System.ServiceProcess.ServiceController[]",,"Running","Win32OwnProcess","Manual",,
"SEMgrSvc","System.ServiceProcess.ServiceController[]","False","False","False","Payments and NFC/SE Manager","System.ServiceProcess.ServiceController[]",".","SEMgrSvc","System.ServiceProcess.ServiceController[]","SafeServiceHandle","Stopped","Win32OwnProcess","Manual",,
"SENS","System.ServiceProcess.ServiceController[]","False","False","True","System Event Notification Service","System.ServiceProcess.ServiceController[]",".","SENS","System.ServiceProcess.ServiceController[]","SafeServiceHandle","Running","Win32OwnProcess, Win32ShareProcess","Automatic",,
"Sense","System.ServiceProcess.ServiceController[]","False","False","False","Windows Defender Advanced Threat Protection Service","System.ServiceProcess.ServiceController[]",".","Sense","System.ServiceProcess.ServiceController[]",,"Stopped","Win32OwnProcess","Manual",,
"SensorDataService","System.ServiceProcess.ServiceController[]","False","False","False","Sensor Data Service","System.ServiceProcess.ServiceController[]",".","SensorDataService","System.ServiceProcess.ServiceController[]","SafeServiceHandle","Stopped","Win32OwnProcess","Manual",,
"SensorService","System.ServiceProcess.ServiceController[]","False","False","False","Sensor Service","System.ServiceProcess.ServiceController[]",".","SensorService","System.ServiceProcess.ServiceController[]","SafeServiceHandle","Stopped","Win32ShareProcess","Manual",,
"SensrSvc","System.ServiceProcess.ServiceController[]","False","False","False","Sensor Monitoring Service","System.ServiceProcess.ServiceController[]",".","SensrSvc","System.ServiceProcess.ServiceController[]","SafeServiceHandle","Stopped","Win32ShareProcess","Manual",,
"SessionEnv","System.ServiceProcess.ServiceController[]","False","False","False","Remote Desktop Configuration","System.ServiceProcess.ServiceController[]",".","SessionEnv","System.ServiceProcess.ServiceController[]","SafeServiceHandle","Stopped","Win32ShareProcess","Manual",,
"SharedAccess","System.ServiceProcess.ServiceController[]","False","False","True","Internet Connection Sharing (ICS)","System.ServiceProcess.ServiceController[]",".","SharedAccess","System.ServiceProcess.ServiceController[]","SafeServiceHandle","Running","Win32OwnProcess, Win32ShareProcess","Manual",,
"ShellHWDetection","System.ServiceProcess.ServiceController[]","False","False","True","Shell Hardware Detection","System.ServiceProcess.ServiceController[]",".","ShellHWDetection","System.ServiceProcess.ServiceController[]","SafeServiceHandle","Running","Win32OwnProcess, Win32ShareProcess","Automatic",,
"shpamsvc","System.ServiceProcess.ServiceController[]","False","False","False","Shared PC Account Manager","System.ServiceProcess.ServiceController[]",".","shpamsvc","System.ServiceProcess.ServiceController[]","SafeServiceHandle","Stopped","Win32ShareProcess","Disabled",,
"smphost","System.ServiceProcess.ServiceController[]","False","False","False","Microsoft Storage Spaces SMP","System.ServiceProcess.ServiceController[]",".","smphost","System.ServiceProcess.ServiceController[]","SafeServiceHandle","Stopped","Win32OwnProcess","Manual",,
"SmsRouter","System.ServiceProcess.ServiceController[]","False","False","False","Microsoft Windows SMS Router Service.","System.ServiceProcess.ServiceController[]",".","SmsRouter","System.ServiceProcess.ServiceController[]",,"Stopped","Win32ShareProcess","Manual",,
"SNMPTrap","System.ServiceProcess.ServiceController[]","False","False","False","SNMP Trap","System.ServiceProcess.ServiceController[]",".","SNMPTrap","System.ServiceProcess.ServiceController[]","SafeServiceHandle","Stopped","Win32OwnProcess","Manual",,
"Spooler","System.ServiceProcess.ServiceController[]","False","False","True","Print Spooler","System.ServiceProcess.ServiceController[]",".","Spooler","System.ServiceProcess.ServiceController[]","SafeServiceHandle","Running","Win32OwnProcess, InteractiveProcess","Automatic",,
"sppsvc","System.ServiceProcess.ServiceController[]","False","False","False","Software Protection","System.ServiceProcess.ServiceController[]",".","sppsvc","System.ServiceProcess.ServiceController[]",,"Stopped","Win32OwnProcess","Automatic",,
"SQLBrowser","System.ServiceProcess.ServiceController[]","False","False","False","SQL Server Browser","System.ServiceProcess.ServiceController[]",".","SQLBrowser","System.ServiceProcess.ServiceController[]","SafeServiceHandle","Stopped","Win32OwnProcess","Disabled",,
"SQLSERVERAGENT","System.ServiceProcess.ServiceController[]","False","True","True","SQL Server Agent (MSSQLSERVER)","System.ServiceProcess.ServiceController[]",".","SQLSERVERAGENT","System.ServiceProcess.ServiceController[]","SafeServiceHandle","Running","Win32OwnProcess","Automatic",,
"SQLTELEMETRY","System.ServiceProcess.ServiceController[]","False","True","True","SQL Server CEIP service (MSSQLSERVER)","System.ServiceProcess.ServiceController[]",".","SQLTELEMETRY","System.ServiceProcess.ServiceController[]","SafeServiceHandle","Running","Win32OwnProcess","Automatic",,
"SQLWriter","System.ServiceProcess.ServiceController[]","False","True","True","SQL Server VSS Writer","System.ServiceProcess.ServiceController[]",".","SQLWriter","System.ServiceProcess.ServiceController[]","SafeServiceHandle","Running","Win32OwnProcess","Automatic",,
"SSASTELEMETRY","System.ServiceProcess.ServiceController[]","False","True","True","SQL Server Analysis Services CEIP (MSSQLSERVER)","System.ServiceProcess.ServiceController[]",".","SSASTELEMETRY","System.ServiceProcess.ServiceController[]","SafeServiceHandle","Running","Win32OwnProcess","Automatic",,
"SSDPSRV","System.ServiceProcess.ServiceController[]","False","True","True","SSDP Discovery","System.ServiceProcess.ServiceController[]",".","SSDPSRV","System.ServiceProcess.ServiceController[]","SafeServiceHandle","Running","Win32OwnProcess, Win32ShareProcess","Manual",,
"ssh-agent","System.ServiceProcess.ServiceController[]","False","False","False","OpenSSH Authentication Agent","System.ServiceProcess.ServiceController[]",".","ssh-agent","System.ServiceProcess.ServiceController[]","SafeServiceHandle","Stopped","Win32OwnProcess","Disabled",,
"SSISScaleOutMaster150","System.ServiceProcess.ServiceController[]","False","True","True","SQL Server Integration Services Scale Out Master 15.0","System.ServiceProcess.ServiceController[]",".","SSISScaleOutMaster150","System.ServiceProcess.ServiceController[]","SafeServiceHandle","Running","Win32OwnProcess","Automatic",,
"SSISScaleOutWorker150","System.ServiceProcess.ServiceController[]","False","True","True","SQL Server Integration Services Scale Out Worker 15.0","System.ServiceProcess.ServiceController[]",".","SSISScaleOutWorker150","System.ServiceProcess.ServiceController[]","SafeServiceHandle","Running","Win32OwnProcess","Automatic",,
"SSISTELEMETRY150","System.ServiceProcess.ServiceController[]","False","True","True","SQL Server Integration Services CEIP service 15.0","System.ServiceProcess.ServiceController[]",".","SSISTELEMETRY150","System.ServiceProcess.ServiceController[]","SafeServiceHandle","Running","Win32OwnProcess","Automatic",,
"SstpSvc","System.ServiceProcess.ServiceController[]","False","True","True","Secure Socket Tunneling Protocol Service","System.ServiceProcess.ServiceController[]",".","SstpSvc","System.ServiceProcess.ServiceController[]","SafeServiceHandle","Running","Win32OwnProcess, Win32ShareProcess","Manual",,
"StateRepository","System.ServiceProcess.ServiceController[]","False","True","True","State Repository Service","System.ServiceProcess.ServiceController[]",".","StateRepository","System.ServiceProcess.ServiceController[]","SafeServiceHandle","Running","Win32OwnProcess, Win32ShareProcess","Automatic",,
"StiSvc","System.ServiceProcess.ServiceController[]","False","False","False","Windows Image Acquisition (WIA)","System.ServiceProcess.ServiceController[]",".","StiSvc","System.ServiceProcess.ServiceController[]","SafeServiceHandle","Stopped","Win32OwnProcess","Automatic",,
"StorSvc","System.ServiceProcess.ServiceController[]","False","False","True","Storage Service","System.ServiceProcess.ServiceController[]",".","StorSvc","System.ServiceProcess.ServiceController[]","SafeServiceHandle","Running","Win32OwnProcess","Automatic",,
"svsvc","System.ServiceProcess.ServiceController[]","False","False","False","Spot Verifier","System.ServiceProcess.ServiceController[]",".","svsvc","System.ServiceProcess.ServiceController[]","SafeServiceHandle","Stopped","Win32ShareProcess","Manual",,
"swprv","System.ServiceProcess.ServiceController[]","False","False","False","Microsoft Software Shadow Copy Provider","System.ServiceProcess.ServiceController[]",".","swprv","System.ServiceProcess.ServiceController[]","SafeServiceHandle","Stopped","Win32OwnProcess","Manual",,
"SysMain","System.ServiceProcess.ServiceController[]","False","True","True","SysMain","System.ServiceProcess.ServiceController[]",".","SysMain","System.ServiceProcess.ServiceController[]","SafeServiceHandle","Running","Win32OwnProcess, Win32ShareProcess","Automatic",,
"SystemEventsBroker","System.ServiceProcess.ServiceController[]","False","False","True","System Events Broker","System.ServiceProcess.ServiceController[]",".","SystemEventsBroker","System.ServiceProcess.ServiceController[]",,"Running","Win32ShareProcess","Automatic",,
"TapiSrv","System.ServiceProcess.ServiceController[]","False","False","False","Telephony","System.ServiceProcess.ServiceController[]",".","TapiSrv","System.ServiceProcess.ServiceController[]","SafeServiceHandle","Stopped","Win32ShareProcess","Manual",,
"TermService","System.ServiceProcess.ServiceController[]","False","False","False","Remote Desktop Services","System.ServiceProcess.ServiceController[]",".","TermService","System.ServiceProcess.ServiceController[]","SafeServiceHandle","Stopped","Win32ShareProcess","Manual",,
"TextInputManagementService","System.ServiceProcess.ServiceController[]","False","False","False","Text Input Management Service","System.ServiceProcess.ServiceController[]",".","TextInputManagementService","System.ServiceProcess.ServiceController[]",,"Running","Win32OwnProcess, Win32ShareProcess","Automatic",,
"Themes","System.ServiceProcess.ServiceController[]","False","False","True","Themes","System.ServiceProcess.ServiceController[]",".","Themes","System.ServiceProcess.ServiceController[]","SafeServiceHandle","Running","Win32OwnProcess, Win32ShareProcess","Automatic",,
"TieringEngineService","System.ServiceProcess.ServiceController[]","False","False","False","Storage Tiers Management","System.ServiceProcess.ServiceController[]",".","TieringEngineService","System.ServiceProcess.ServiceController[]","SafeServiceHandle","Stopped","Win32OwnProcess","Manual",,
"TimeBrokerSvc","System.ServiceProcess.ServiceController[]","False","False","True","Time Broker","System.ServiceProcess.ServiceController[]",".","TimeBrokerSvc","System.ServiceProcess.ServiceController[]",,"Running","Win32OwnProcess, Win32ShareProcess","Manual",,
"TokenBroker","System.ServiceProcess.ServiceController[]","False","False","True","Web Account Manager","System.ServiceProcess.ServiceController[]",".","TokenBroker","System.ServiceProcess.ServiceController[]","SafeServiceHandle","Running","Win32OwnProcess, Win32ShareProcess","Manual",,
"TrkWks","System.ServiceProcess.ServiceController[]","False","True","True","Distributed Link Tracking Client","System.ServiceProcess.ServiceController[]",".","TrkWks","System.ServiceProcess.ServiceController[]","SafeServiceHandle","Running","Win32OwnProcess, Win32ShareProcess","Automatic",,
"TroubleshootingSvc","System.ServiceProcess.ServiceController[]","False","False","False","Recommended Troubleshooting Service","System.ServiceProcess.ServiceController[]",".","TroubleshootingSvc","System.ServiceProcess.ServiceController[]","SafeServiceHandle","Stopped","Win32ShareProcess","Manual",,
"TrustedInstaller","System.ServiceProcess.ServiceController[]","False","False","False","Windows Modules Installer","System.ServiceProcess.ServiceController[]",".","TrustedInstaller","System.ServiceProcess.ServiceController[]",,"Stopped","Win32OwnProcess","Manual",,
"tzautoupdate","System.ServiceProcess.ServiceController[]","False","False","False","Auto Time Zone Updater","System.ServiceProcess.ServiceController[]",".","tzautoupdate","System.ServiceProcess.ServiceController[]","SafeServiceHandle","Stopped","Win32ShareProcess","Disabled",,
"UdkUserSvc_cd8b2e","System.ServiceProcess.ServiceController[]","False","False","True","Udk User Service_cd8b2e","System.ServiceProcess.ServiceController[]",".","UdkUserSvc_cd8b2e","System.ServiceProcess.ServiceController[]","SafeServiceHandle","Running","240","Manual",,
"UevAgentService","System.ServiceProcess.ServiceController[]","False","False","False","User Experience Virtualization Service","System.ServiceProcess.ServiceController[]",".","UevAgentService","System.ServiceProcess.ServiceController[]","SafeServiceHandle","Stopped","Win32OwnProcess","Disabled",,
"UmRdpService","System.ServiceProcess.ServiceController[]","False","False","False","Remote Desktop Services UserMode Port Redirector","System.ServiceProcess.ServiceController[]",".","UmRdpService","System.ServiceProcess.ServiceController[]","SafeServiceHandle","Stopped","Win32ShareProcess","Manual",,
"UnistoreSvc_cd8b2e","System.ServiceProcess.ServiceController[]","False","False","False","User Data Storage_cd8b2e","System.ServiceProcess.ServiceController[]",".","UnistoreSvc_cd8b2e","System.ServiceProcess.ServiceController[]","SafeServiceHandle","Stopped","224","Manual",,
"upnphost","System.ServiceProcess.ServiceController[]","False","True","True","UPnP Device Host","System.ServiceProcess.ServiceController[]",".","upnphost","System.ServiceProcess.ServiceController[]","SafeServiceHandle","Running","Win32OwnProcess, Win32ShareProcess","Manual",,
"USBArbService","System.ServiceProcess.ServiceController[]","False","False","True","Horizon EUC USB Arbitration Service","System.ServiceProcess.ServiceController[]",".","USBArbService","System.ServiceProcess.ServiceController[]","SafeServiceHandle","Running","Win32OwnProcess","Automatic",,
"UserDataSvc_cd8b2e","System.ServiceProcess.ServiceController[]","False","False","False","User Data Access_cd8b2e","System.ServiceProcess.ServiceController[]",".","UserDataSvc_cd8b2e","System.ServiceProcess.ServiceController[]","SafeServiceHandle","Stopped","224","Manual",,
"UserManager","System.ServiceProcess.ServiceController[]","False","False","True","User Manager","System.ServiceProcess.ServiceController[]",".","UserManager","System.ServiceProcess.ServiceController[]","SafeServiceHandle","Running","Win32OwnProcess, Win32ShareProcess","Automatic",,
"ushupgradesvc","System.ServiceProcess.ServiceController[]","False","True","True","Credential Vault Upgrade Service","System.ServiceProcess.ServiceController[]",".","ushupgradesvc","System.ServiceProcess.ServiceController[]","SafeServiceHandle","Running","Win32OwnProcess","Automatic",,
"UsoSvc","System.ServiceProcess.ServiceController[]","False","True","True","Update Orchestrator Service","System.ServiceProcess.ServiceController[]",".","UsoSvc","System.ServiceProcess.ServiceController[]","SafeServiceHandle","Running","Win32OwnProcess, Win32ShareProcess","Automatic",,
"VaultSvc","System.ServiceProcess.ServiceController[]","False","True","True","Credential Manager","System.ServiceProcess.ServiceController[]",".","VaultSvc","System.ServiceProcess.ServiceController[]","SafeServiceHandle","Running","Win32ShareProcess","Manual",,
"VBoxSDS","System.ServiceProcess.ServiceController[]","False","False","False","VirtualBox system service","System.ServiceProcess.ServiceController[]",".","VBoxSDS","System.ServiceProcess.ServiceController[]","SafeServiceHandle","Stopped","Win32OwnProcess","Manual",,
"vds","System.ServiceProcess.ServiceController[]","False","False","False","Virtual Disk","System.ServiceProcess.ServiceController[]",".","vds","System.ServiceProcess.ServiceController[]","SafeServiceHandle","Stopped","Win32OwnProcess","Manual",,
"vmcompute","System.ServiceProcess.ServiceController[]","False","False","True","Hyper-V Host Compute Service","System.ServiceProcess.ServiceController[]",".","vmcompute","System.ServiceProcess.ServiceController[]","SafeServiceHandle","Running","Win32OwnProcess","Manual",,
"vmicguestinterface","System.ServiceProcess.ServiceController[]","False","False","False","Hyper-V Guest Service Interface","System.ServiceProcess.ServiceController[]",".","vmicguestinterface","System.ServiceProcess.ServiceController[]","SafeServiceHandle","Stopped","Win32ShareProcess","Manual",,
"vmicheartbeat","System.ServiceProcess.ServiceController[]","False","False","False","Hyper-V Heartbeat Service","System.ServiceProcess.ServiceController[]",".","vmicheartbeat","System.ServiceProcess.ServiceController[]","SafeServiceHandle","Stopped","Win32ShareProcess","Manual",,
"vmickvpexchange","System.ServiceProcess.ServiceController[]","False","False","False","Hyper-V Data Exchange Service","System.ServiceProcess.ServiceController[]",".","vmickvpexchange","System.ServiceProcess.ServiceController[]","SafeServiceHandle","Stopped","Win32ShareProcess","Manual",,
"vmicrdv","System.ServiceProcess.ServiceController[]","False","False","False","Hyper-V Remote Desktop Virtualization Service","System.ServiceProcess.ServiceController[]",".","vmicrdv","System.ServiceProcess.ServiceController[]","SafeServiceHandle","Stopped","Win32ShareProcess","Manual",,
"vmicshutdown","System.ServiceProcess.ServiceController[]","False","False","False","Hyper-V Guest Shutdown Service","System.ServiceProcess.ServiceController[]",".","vmicshutdown","System.ServiceProcess.ServiceController[]","SafeServiceHandle","Stopped","Win32ShareProcess","Manual",,
"vmictimesync","System.ServiceProcess.ServiceController[]","False","False","False","Hyper-V Time Synchronization Service","System.ServiceProcess.ServiceController[]",".","vmictimesync","System.ServiceProcess.ServiceController[]","SafeServiceHandle","Stopped","Win32ShareProcess","Manual",,
"vmicvmsession","System.ServiceProcess.ServiceController[]","False","False","False","Hyper-V PowerShell Direct Service","System.ServiceProcess.ServiceController[]",".","vmicvmsession","System.ServiceProcess.ServiceController[]","SafeServiceHandle","Stopped","Win32ShareProcess","Manual",,
"vmicvss","System.ServiceProcess.ServiceController[]","False","False","False","Hyper-V Volume Shadow Copy Requestor","System.ServiceProcess.ServiceController[]",".","vmicvss","System.ServiceProcess.ServiceController[]","SafeServiceHandle","Stopped","Win32ShareProcess","Manual",,
"vmms","System.ServiceProcess.ServiceController[]","False","False","True","Hyper-V Virtual Machine Management","System.ServiceProcess.ServiceController[]",".","vmms","System.ServiceProcess.ServiceController[]","SafeServiceHandle","Running","Win32OwnProcess","Automatic",,
"VSInstallerElevationService","System.ServiceProcess.ServiceController[]","False","False","False","Visual Studio Installer Elevation Service","System.ServiceProcess.ServiceController[]",".","VSInstallerElevationService","System.ServiceProcess.ServiceController[]","SafeServiceHandle","Stopped","Win32OwnProcess","Manual",,
"VSS","System.ServiceProcess.ServiceController[]","False","False","False","Volume Shadow Copy","System.ServiceProcess.ServiceController[]",".","VSS","System.ServiceProcess.ServiceController[]","SafeServiceHandle","Stopped","Win32OwnProcess","Manual",,
"VSStandardCollectorService150","System.ServiceProcess.ServiceController[]","False","False","False","Visual Studio Standard Collector Service 150","System.ServiceProcess.ServiceController[]",".","VSStandardCollectorService150","System.ServiceProcess.ServiceController[]","SafeServiceHandle","Stopped","Win32OwnProcess","Manual",,
"W32Time","System.ServiceProcess.ServiceController[]","False","True","True","Windows Time","System.ServiceProcess.ServiceController[]",".","W32Time","System.ServiceProcess.ServiceController[]","SafeServiceHandle","Running","Win32OwnProcess, Win32ShareProcess","Automatic",,
"w3logsvc","System.ServiceProcess.ServiceController[]","False","False","False","W3C Logging Service","System.ServiceProcess.ServiceController[]",".","w3logsvc","System.ServiceProcess.ServiceController[]","SafeServiceHandle","Stopped","Win32ShareProcess","Manual",,
"W3SVC","System.ServiceProcess.ServiceController[]","False","True","True","World Wide Web Publishing Service","System.ServiceProcess.ServiceController[]",".","W3SVC","System.ServiceProcess.ServiceController[]","SafeServiceHandle","Running","Win32ShareProcess","Automatic",,
"WaaSMedicSvc","System.ServiceProcess.ServiceController[]","False","False","False","WaaSMedicSvc","System.ServiceProcess.ServiceController[]",".","WaaSMedicSvc","System.ServiceProcess.ServiceController[]","SafeServiceHandle","Stopped","Win32OwnProcess, Win32ShareProcess","Manual",,
"WalletService","System.ServiceProcess.ServiceController[]","False","False","False","WalletService","System.ServiceProcess.ServiceController[]",".","WalletService","System.ServiceProcess.ServiceController[]","SafeServiceHandle","Stopped","Win32ShareProcess","Manual",,
"WarpJITSvc","System.ServiceProcess.ServiceController[]","False","False","False","Warp JIT Service","System.ServiceProcess.ServiceController[]",".","WarpJITSvc","System.ServiceProcess.ServiceController[]","SafeServiceHandle","Stopped","Win32OwnProcess","Manual",,
"WAS","System.ServiceProcess.ServiceController[]","True","True","True","Windows Process Activation Service","System.ServiceProcess.ServiceController[]",".","WAS","System.ServiceProcess.ServiceController[]","SafeServiceHandle","Running","Win32ShareProcess","Manual",,
"WavesSysSvc","System.ServiceProcess.ServiceController[]","True","True","True","Waves Audio Services","System.ServiceProcess.ServiceController[]",".","WavesSysSvc","System.ServiceProcess.ServiceController[]","SafeServiceHandle","Running","Win32OwnProcess","Automatic",,
"wbengine","System.ServiceProcess.ServiceController[]","False","False","False","Block Level Backup Engine Service","System.ServiceProcess.ServiceController[]",".","wbengine","System.ServiceProcess.ServiceController[]","SafeServiceHandle","Stopped","Win32OwnProcess","Manual",,
"WbioSrvc","System.ServiceProcess.ServiceController[]","False","False","False","Windows Biometric Service","System.ServiceProcess.ServiceController[]",".","WbioSrvc","System.ServiceProcess.ServiceController[]","SafeServiceHandle","Stopped","Win32OwnProcess, Win32ShareProcess","Automatic",,
"Wcmsvc","System.ServiceProcess.ServiceController[]","False","True","True","Windows Connection Manager","System.ServiceProcess.ServiceController[]",".","Wcmsvc","System.ServiceProcess.ServiceController[]","SafeServiceHandle","Running","Win32OwnProcess","Automatic",,
"wcncsvc","System.ServiceProcess.ServiceController[]","False","False","False","Windows Connect Now - Config Registrar","System.ServiceProcess.ServiceController[]",".","wcncsvc","System.ServiceProcess.ServiceController[]","SafeServiceHandle","Stopped","Win32ShareProcess","Manual",,
"WdiServiceHost","System.ServiceProcess.ServiceController[]","False","False","False","Diagnostic Service Host","System.ServiceProcess.ServiceController[]",".","WdiServiceHost","System.ServiceProcess.ServiceController[]",,"Stopped","Win32ShareProcess","Manual",,
"WdiSystemHost","System.ServiceProcess.ServiceController[]","False","True","True","Diagnostic System Host","System.ServiceProcess.ServiceController[]",".","WdiSystemHost","System.ServiceProcess.ServiceController[]",,"Running","Win32OwnProcess, Win32ShareProcess","Manual",,
"WdNisSvc","System.ServiceProcess.ServiceController[]","False","False","True","Microsoft Defender Antivirus Network Inspection Service","System.ServiceProcess.ServiceController[]",".","WdNisSvc","System.ServiceProcess.ServiceController[]",,"Running","Win32OwnProcess","Manual",,
"WebClient","System.ServiceProcess.ServiceController[]","False","False","True","WebClient","System.ServiceProcess.ServiceController[]",".","WebClient","System.ServiceProcess.ServiceController[]","SafeServiceHandle","Running","Win32OwnProcess, Win32ShareProcess","Manual",,
"webthreatdefsvc","System.ServiceProcess.ServiceController[]","True","True","True","Web Threat Defense Service","System.ServiceProcess.ServiceController[]",".","webthreatdefsvc","System.ServiceProcess.ServiceController[]","SafeServiceHandle","Running","Win32OwnProcess, Win32ShareProcess","Manual",,
"webthreatdefusersvc_cd8b2e","System.ServiceProcess.ServiceController[]","True","True","True","Web Threat Defense User Service_cd8b2e","System.ServiceProcess.ServiceController[]",".","webthreatdefusersvc_cd8b2e","System.ServiceProcess.ServiceController[]","SafeServiceHandle","Running","240","Automatic",,
"Wecsvc","System.ServiceProcess.ServiceController[]","False","False","False","Windows Event Collector","System.ServiceProcess.ServiceController[]",".","Wecsvc","System.ServiceProcess.ServiceController[]","SafeServiceHandle","Stopped","Win32ShareProcess","Manual",,
"WEPHOSTSVC","System.ServiceProcess.ServiceController[]","False","False","False","Windows Encryption Provider Host Service","System.ServiceProcess.ServiceController[]",".","WEPHOSTSVC","System.ServiceProcess.ServiceController[]","SafeServiceHandle","Stopped","Win32ShareProcess","Manual",,
"wercplsupport","System.ServiceProcess.ServiceController[]","False","False","False","Problem Reports Control Panel Support","System.ServiceProcess.ServiceController[]",".","wercplsupport","System.ServiceProcess.ServiceController[]","SafeServiceHandle","Stopped","Win32ShareProcess","Manual",,
"WerSvc","System.ServiceProcess.ServiceController[]","False","False","False","Windows Error Reporting Service","System.ServiceProcess.ServiceController[]",".","WerSvc","System.ServiceProcess.ServiceController[]","SafeServiceHandle","Stopped","Win32OwnProcess","Manual",,
"WFDSConMgrSvc","System.ServiceProcess.ServiceController[]","False","False","False","Wi-Fi Direct Services Connection Manager Service","System.ServiceProcess.ServiceController[]",".","WFDSConMgrSvc","System.ServiceProcess.ServiceController[]","SafeServiceHandle","Stopped","Win32OwnProcess, Win32ShareProcess","Manual",,
"whesvc","System.ServiceProcess.ServiceController[]","False","False","True","Windows Health and Optimized Experiences","System.ServiceProcess.ServiceController[]",".","whesvc","System.ServiceProcess.ServiceController[]","SafeServiceHandle","Running","Win32OwnProcess, Win32ShareProcess","Automatic",,
"WiaRpc","System.ServiceProcess.ServiceController[]","False","False","False","Still Image Acquisition Events","System.ServiceProcess.ServiceController[]",".","WiaRpc","System.ServiceProcess.ServiceController[]","SafeServiceHandle","Stopped","Win32ShareProcess","Manual",,
"WinDefend","System.ServiceProcess.ServiceController[]","False","True","False","Microsoft Defender Antivirus Service","System.ServiceProcess.ServiceController[]",".","WinDefend","System.ServiceProcess.ServiceController[]",,"Running","Win32OwnProcess","Automatic",,
"WinHttpAutoProxySvc","System.ServiceProcess.ServiceController[]","False","True","False","WinHTTP Web Proxy Auto-Discovery Service","System.ServiceProcess.ServiceController[]",".","WinHttpAutoProxySvc","System.ServiceProcess.ServiceController[]",,"Running","Win32OwnProcess","Manual",,
"Winmgmt","System.ServiceProcess.ServiceController[]","True","True","True","Windows Management Instrumentation","System.ServiceProcess.ServiceController[]",".","Winmgmt","System.ServiceProcess.ServiceController[]","SafeServiceHandle","Running","Win32OwnProcess, Win32ShareProcess","Automatic",,
"WinRM","System.ServiceProcess.ServiceController[]","False","False","False","Windows Remote Management (WS-Management)","System.ServiceProcess.ServiceController[]",".","WinRM","System.ServiceProcess.ServiceController[]","SafeServiceHandle","Stopped","Win32ShareProcess","Manual",,
"wisvc","System.ServiceProcess.ServiceController[]","False","False","False","Windows Insider Service","System.ServiceProcess.ServiceController[]",".","wisvc","System.ServiceProcess.ServiceController[]","SafeServiceHandle","Stopped","Win32ShareProcess","Manual",,
"WlanSvc","System.ServiceProcess.ServiceController[]","False","True","True","WLAN AutoConfig","System.ServiceProcess.ServiceController[]",".","WlanSvc","System.ServiceProcess.ServiceController[]","SafeServiceHandle","Running","Win32OwnProcess","Automatic",,
"wlidsvc","System.ServiceProcess.ServiceController[]","False","False","False","Microsoft Account Sign-in Assistant","System.ServiceProcess.ServiceController[]",".","wlidsvc","System.ServiceProcess.ServiceController[]","SafeServiceHandle","Stopped","Win32OwnProcess, Win32ShareProcess","Manual",,
"wlpasvc","System.ServiceProcess.ServiceController[]","False","False","False","Local Profile Assistant Service","System.ServiceProcess.ServiceController[]",".","wlpasvc","System.ServiceProcess.ServiceController[]","SafeServiceHandle","Stopped","Win32ShareProcess","Manual",,
"WManSvc","System.ServiceProcess.ServiceController[]","False","False","False","Windows Management Service","System.ServiceProcess.ServiceController[]",".","WManSvc","System.ServiceProcess.ServiceController[]","SafeServiceHandle","Stopped","Win32ShareProcess","Manual",,
"wmiApSrv","System.ServiceProcess.ServiceController[]","False","False","True","WMI Performance Adapter","System.ServiceProcess.ServiceController[]",".","wmiApSrv","System.ServiceProcess.ServiceController[]","SafeServiceHandle","Running","Win32OwnProcess","Manual",,
"WMIRegistrationService","System.ServiceProcess.ServiceController[]","False","False","True","Intel(R) Management Engine WMI Provider Registration","System.ServiceProcess.ServiceController[]",".","WMIRegistrationService","System.ServiceProcess.ServiceController[]","SafeServiceHandle","Running","Win32OwnProcess","Automatic",,
"WMPNetworkSvc","System.ServiceProcess.ServiceController[]","False","False","False","Windows Media Player Network Sharing Service","System.ServiceProcess.ServiceController[]",".","WMPNetworkSvc","System.ServiceProcess.ServiceController[]","SafeServiceHandle","Stopped","Win32OwnProcess","Manual",,
"WMSVC","System.ServiceProcess.ServiceController[]","False","False","False","Web Management Service","System.ServiceProcess.ServiceController[]",".","WMSVC","System.ServiceProcess.ServiceController[]","SafeServiceHandle","Stopped","Win32OwnProcess","Manual",,
"workfolderssvc","System.ServiceProcess.ServiceController[]","False","False","False","Work Folders","System.ServiceProcess.ServiceController[]",".","workfolderssvc","System.ServiceProcess.ServiceController[]","SafeServiceHandle","Stopped","Win32ShareProcess","Manual",,
"WpcMonSvc","System.ServiceProcess.ServiceController[]","False","False","False","Parental Controls","System.ServiceProcess.ServiceController[]",".","WpcMonSvc","System.ServiceProcess.ServiceController[]","SafeServiceHandle","Stopped","Win32OwnProcess","Manual",,
"WPDBusEnum","System.ServiceProcess.ServiceController[]","False","False","False","Portable Device Enumerator Service","System.ServiceProcess.ServiceController[]",".","WPDBusEnum","System.ServiceProcess.ServiceController[]","SafeServiceHandle","Stopped","Win32OwnProcess, Win32ShareProcess","Manual",,
"WpnService","System.ServiceProcess.ServiceController[]","False","False","True","Windows Push Notifications System Service","System.ServiceProcess.ServiceController[]",".","WpnService","System.ServiceProcess.ServiceController[]","SafeServiceHandle","Running","Win32OwnProcess, Win32ShareProcess","Automatic",,
"WpnUserService_cd8b2e","System.ServiceProcess.ServiceController[]","False","False","True","Windows Push Notifications User Service_cd8b2e","System.ServiceProcess.ServiceController[]",".","WpnUserService_cd8b2e","System.ServiceProcess.ServiceController[]","SafeServiceHandle","Running","240","Automatic",,
"ws1etlm","System.ServiceProcess.ServiceController[]","False","True","True","Omnissa Experience Management Service","System.ServiceProcess.ServiceController[]",".","ws1etlm","System.ServiceProcess.ServiceController[]","SafeServiceHandle","Running","Win32OwnProcess","Automatic",,
"WSAIFabricSvc","System.ServiceProcess.ServiceController[]","False","False","True","WSAIFabricSvc","System.ServiceProcess.ServiceController[]",".","WSAIFabricSvc","System.ServiceProcess.ServiceController[]","SafeServiceHandle","Running","Win32OwnProcess, Win32ShareProcess","Automatic",,
"wscsvc","System.ServiceProcess.ServiceController[]","False","True","True","Security Center","System.ServiceProcess.ServiceController[]",".","wscsvc","System.ServiceProcess.ServiceController[]",,"Running","Win32OwnProcess, Win32ShareProcess","Automatic",,
"WSearch","System.ServiceProcess.ServiceController[]","False","True","True","Windows Search","System.ServiceProcess.ServiceController[]",".","WSearch","System.ServiceProcess.ServiceController[]","SafeServiceHandle","Running","Win32OwnProcess","Automatic",,
"WSLService","System.ServiceProcess.ServiceController[]","False","False","True","WSL Service","System.ServiceProcess.ServiceController[]",".","WSLService","System.ServiceProcess.ServiceController[]","SafeServiceHandle","Running","Win32OwnProcess","Automatic",,
"wuauserv","System.ServiceProcess.ServiceController[]","False","False","True","Windows Update","System.ServiceProcess.ServiceController[]",".","wuauserv","System.ServiceProcess.ServiceController[]","SafeServiceHandle","Running","Win32OwnProcess, Win32ShareProcess","Manual",,
"wuqisvc","System.ServiceProcess.ServiceController[]","False","False","False","Microsoft Usage and Quality Insights","System.ServiceProcess.ServiceController[]",".","wuqisvc","System.ServiceProcess.ServiceController[]","SafeServiceHandle","Stopped","Win32ShareProcess","Manual",,
"WwanSvc","System.ServiceProcess.ServiceController[]","False","False","False","WWAN AutoConfig","System.ServiceProcess.ServiceController[]",".","WwanSvc","System.ServiceProcess.ServiceController[]","SafeServiceHandle","Stopped","Win32ShareProcess","Manual",,
"XblAuthManager","System.ServiceProcess.ServiceController[]","False","False","False","Xbox Live Auth Manager","System.ServiceProcess.ServiceController[]",".","XblAuthManager","System.ServiceProcess.ServiceController[]","SafeServiceHandle","Stopped","Win32ShareProcess","Manual",,
"XblGameSave","System.ServiceProcess.ServiceController[]","False","False","False","Xbox Live Game Save","System.ServiceProcess.ServiceController[]",".","XblGameSave","System.ServiceProcess.ServiceController[]","SafeServiceHandle","Stopped","Win32ShareProcess","Manual",,
"XboxGipSvc","System.ServiceProcess.ServiceController[]","False","False","False","Xbox Accessory Management Service","System.ServiceProcess.ServiceController[]",".","XboxGipSvc","System.ServiceProcess.ServiceController[]","SafeServiceHandle","Stopped","Win32ShareProcess","Manual",,
"XboxNetApiSvc","System.ServiceProcess.ServiceController[]","False","False","False","Xbox Live Networking Service","System.ServiceProcess.ServiceController[]",".","XboxNetApiSvc","System.ServiceProcess.ServiceController[]","SafeServiceHandle","Stopped","Win32ShareProcess","Manual",,
"ZTHELPER","System.ServiceProcess.ServiceController[]","False","False","False","ZTDNS Helper service","System.ServiceProcess.ServiceController[]",".","ZTHELPER","System.ServiceProcess.ServiceController[]","SafeServiceHandle","Stopped","Win32OwnProcess","Manual",,
